rollno,age,contactno,emailid
123,20,9.845630122e+09,akash@gmail.com
125,20,9.735279049e+09,ritu@gmail.com
157,20,9.262838484e+09,raghav@gmail.com
146,19,9.286375216e+09,shyam@gmail.com
193,21,7.383625272e+09,yogesh@gmail.com
10,20,9.327634527e+09,ashab@gmail.com
11,21,9.345673254e+09,abc@gmail.com
